{
  "generated_at": "2025-12-09T01:45:05.595947",
  "assets": [
    "Brent Crude",
    "Communication Services",
    "Consumer Discretionary",
    "Consumer Staples",
    "Copper",
    "Crude Oil (WTI)",
    "Energy",
    "Financials",
    "Gasoline (RBOB)",
    "Gold",
    "Health Care",
    "Heating Oil",
    "Industrials",
    "Information Technology",
    "Iron Ore (Proxy)",
    "Lumber (Proxy)",
    "Materials",
    "Natural Gas",
    "Real Estate",
    "Silver",
    "Soybeans",
    "Steel (Proxy)",
    "Utilities",
    "Wheat"
  ],
  "top3": [
    {
      "tier": "Conservative",
      "weights": {
        "Brent Crude": 0.041666666666666664,
        "Communication Services": 0.041666666666666664,
        "Consumer Discretionary": 0.041666666666666664,
        "Consumer Staples": 0.041666666666666664,
        "Copper": 0.041666666666666664,
        "Crude Oil (WTI)": 0.041666666666666664,
        "Energy": 0.041666666666666664,
        "Financials": 0.041666666666666664,
        "Gasoline (RBOB)": 0.041666666666666664,
        "Gold": 0.041666666666666664,
        "Health Care": 0.041666666666666664,
        "Heating Oil": 0.041666666666666664,
        "Industrials": 0.041666666666666664,
        "Information Technology": 0.041666666666666664,
        "Iron Ore (Proxy)": 0.041666666666666664,
        "Lumber (Proxy)": 0.041666666666666664,
        "Materials": 0.041666666666666664,
        "Natural Gas": 0.041666666666666664,
        "Real Estate": 0.041666666666666664,
        "Silver": 0.041666666666666664,
        "Soybeans": 0.041666666666666664,
        "Steel (Proxy)": 0.041666666666666664,
        "Utilities": 0.041666666666666664,
        "Wheat": 0.041666666666666664
      },
      "metrics": {
        "mean_monthly": 0.012507384296185768,
        "vol_monthly": 0.04596925066065277,
        "vol_annual": 0.15924215546023954,
        "sharpe": 0.2720815352966243,
        "sortino": 0.33716933994406006,
        "max_drawdown": -0.29330549102793824,
        "cvar_95": -0.10059732191421433,
        "short_term_1w": -0.0075812428740741344,
        "short_term_1m": 0.02687089074076421
      }
    },
    {
      "tier": "Balanced",
      "weights": {
        "Brent Crude": 0.008333333333333331,
        "Communication Services": 0.04661791785460784,
        "Consumer Discretionary": 0.0492646047095021,
        "Consumer Staples": 0.008333333333333331,
        "Copper": 0.0687557569161705,
        "Crude Oil (WTI)": 0.008333333333333331,
        "Energy": 0.028733671969591496,
        "Financials": 0.017506236335943934,
        "Gasoline (RBOB)": 0.008333333333333331,
        "Gold": 0.037596997579748354,
        "Health Care": 0.03849747222077046,
        "Heating Oil": 0.008333333333333331,
        "Industrials": 0.01676427019991357,
        "Information Technology": 0.08591978733464556,
        "Iron Ore (Proxy)": 0.0755575221626928,
        "Lumber (Proxy)": 0.039354063392088315,
        "Materials": 0.03418428797766901,
        "Natural Gas": 0.08746024461060438,
        "Real Estate": 0.008333333333333331,
        "Silver": 0.22108180186281604,
        "Soybeans": 0.008333333333333331,
        "Steel (Proxy)": 0.07421701782244214,
        "Utilities": 0.008333333333333331,
        "Wheat": 0.011821680384126839
      },
      "metrics": {
        "mean_monthly": 0.015134618702667012,
        "vol_monthly": 0.047155785861859416,
        "vol_annual": 0.1633524339671573,
        "sharpe": 0.3209493474884109,
        "sortino": 0.4845712184507676,
        "max_drawdown": -0.2445771833491156,
        "cvar_95": -0.08892823749962249,
        "short_term_1w": -6.740069067723287e-05,
        "short_term_1m": 0.08524198249398496
      }
    },
    {
      "tier": "Aggressive",
      "weights": {
        "Brent Crude": 0.0,
        "Communication Services": 0.047855730651593126,
        "Consumer Discretionary": 0.051164089220210957,
        "Consumer Staples": 0.0,
        "Copper": 0.07552802947854646,
        "Crude Oil (WTI)": 0.0,
        "Energy": 0.025500423295322705,
        "Financials": 0.011466128753263255,
        "Gasoline (RBOB)": 0.0,
        "Gold": 0.03657958030801878,
        "Health Care": 0.03770517360929641,
        "Heating Oil": 0.0,
        "Industrials": 0.010538671083225296,
        "Information Technology": 0.09698306750164028,
        "Iron Ore (Proxy)": 0.08403023603669935,
        "Lumber (Proxy)": 0.03877591257344373,
        "Materials": 0.0323136933054196,
        "Natural Gas": 0.0989086390965888,
        "Real Estate": 0.0,
        "Silver": 0.2659355856618534,
        "Soybeans": 0.0,
        "Steel (Proxy)": 0.08235460561138601,
        "Utilities": 0.0,
        "Wheat": 0.004360433813491885
      },
      "metrics": {
        "mean_monthly": 0.015791427304287328,
        "vol_monthly": 0.04877182885295528,
        "vol_annual": 0.1689505711027445,
        "sharpe": 0.3237817337524439,
        "sortino": 0.5254855281098023,
        "max_drawdown": -0.23229603107994268,
        "cvar_95": -0.08830161110995609,
        "short_term_1w": 0.0018080340532049544,
        "short_term_1m": 0.10016780759005006
      }
    }
  ],
  "notes": "Heuristic composite trainer (Stocks + Commodities); replace with optimization later."
}